,130,130-1,14,179,191,198,203-1,209,210,218,228,235,243,285,289,289-1,290,290-1,290-4,290-5,292,293,295,295-3,309,328,333-1,339,341,342,343,346,349,350,352,354,356,357,359,361,361-1,361-2,361-4,363,364,365,366,367,368,369,369-1,370,371,375,389,391,406,411,424,426,430,431,435
130,925,17,2,19,8,4,43,0,0,9,0,0,6,11,10,7,2,6,12,3,0,45,8,6,6,3,0,9,10,150,3,0,0,0,14,0,13,47,6,186,154,24,94,0,19,5,32,126,314,257,42,27,0,0,6,22,5,15,3,7,3,0,0
130-1,17,22,0,0,0,0,0,0,0,0,0,0,0,0,0,0,0,0,0,0,0,0,0,0,0,0,0,4,0,3,0,0,0,0,0,0,0,0,0,0,7,0,2,0,0,0,0,2,9,2,4,0,0,0,0,0,0,0,0,0,0,0,0
14,2,0,21,0,0,0,0,0,0,0,0,0,0,8,14,0,0,0,0,0,0,0,12,0,3,0,0,0,5,3,0,0,0,0,0,0,2,12,0,0,5,0,0,0,0,0,0,0,0,0,0,0,0,0,0,0,0,3,0,0,0,0,0
179,19,0,0,26,0,0,2,0,0,0,0,0,0,0,0,0,0,0,0,0,0,0,0,0,0,0,0,0,0,2,0,0,0,0,2,0,2,0,0,0,3,0,3,0,0,0,0,0,2,4,0,0,0,0,0,0,0,0,0,0,0,0,0
191,8,0,0,0,20,0,0,0,0,0,0,0,0,0,0,0,0,0,0,0,0,4,0,0,0,0,0,0,0,3,0,0,0,0,0,0,0,4,0,5,5,0,0,0,0,0,0,0,0,0,0,0,0,0,0,0,0,0,0,0,0,0,0
198,4,0,0,0,0,5,2,0,0,0,0,0,0,0,0,0,0,0,0,0,0,0,0,0,0,0,0,0,0,0,0,0,0,0,2,0,0,0,0,0,0,0,0,0,3,3,3,0,0,0,0,0,0,0,3,0,0,0,0,0,0,0,0
203-1,43,0,0,2,0,2,87,0,0,0,0,0,0,0,0,0,0,0,0,0,0,3,0,0,0,0,0,2,0,16,0,0,0,0,16,0,0,0,0,8,6,3,11,0,5,2,6,16,24,29,3,6,0,0,3,5,0,0,0,7,0,0,0
209,0,0,0,0,0,0,0,17,0,0,0,0,0,0,0,0,0,0,0,0,0,0,0,0,0,0,0,0,0,9,0,0,0,0,0,0,0,0,0,0,0,0,0,0,0,0,0,0,0,0,0,0,0,0,0,0,0,0,0,0,0,0,0
210,0,0,0,0,0,0,0,0,2,0,0,0,0,0,0,0,0,0,0,0,0,0,0,0,0,0,0,0,0,0,0,0,0,0,0,0,0,0,0,0,0,2,0,0,0,0,0,0,0,0,0,0,0,0,0,0,0,0,0,0,0,0,0
218,9,0,0,0,0,0,0,0,0,43,0,0,0,3,2,0,0,0,2,0,0,10,9,3,0,0,0,15,9,14,0,0,0,0,0,0,0,0,3,4,4,0,0,0,7,0,2,0,0,0,0,0,0,0,0,0,0,4,0,0,0,0,0
228,0,0,0,0,0,0,0,0,0,0,4,0,0,0,0,0,0,0,0,0,0,0,0,0,0,0,0,0,0,4,0,0,0,0,0,0,0,0,0,0,0,0,0,0,0,0,0,0,0,0,0,0,0,0,0,0,0,0,0,0,0,0,0
235,0,0,0,0,0,0,0,0,0,0,0,3,0,0,0,0,0,0,0,0,0,0,0,0,0,0,0,0,0,0,0,0,0,0,0,0,0,0,0,0,0,0,0,0,0,0,0,0,0,0,0,0,0,0,0,0,0,0,0,0,2,0,0
243,6,0,0,0,0,0,0,0,0,0,0,0,51,0,0,0,0,0,0,0,0,0,0,0,0,0,0,0,0,14,0,0,0,0,0,0,3,3,0,6,6,3,2,0,0,0,0,0,0,0,3,0,0,0,0,0,0,0,2,0,0,0,0
285,11,0,8,0,0,0,0,0,0,3,0,0,0,36,8,0,0,0,6,7,0,4,7,4,2,0,2,4,6,9,0,0,0,0,0,0,0,23,0,14,18,0,12,0,0,0,0,2,5,4,6,0,0,0,0,0,0,7,0,0,0,0,0
289,10,0,14,0,0,0,0,0,0,2,0,0,0,8,85,0,5,0,14,4,0,2,35,13,25,0,7,0,6,6,0,0,0,0,0,0,16,15,4,5,16,0,7,0,3,0,0,2,9,3,0,0,0,0,0,0,0,8,0,0,0,0,0
289-1,7,0,0,0,0,0,0,0,0,0,0,0,0,0,0,8,0,7,0,0,0,0,0,0,0,0,0,0,0,7,0,0,0,0,0,0,0,0,0,7,6,7,7,0,0,0,0,8,7,7,8,7,0,0,0,0,0,0,0,0,0,0,0
290,2,0,0,0,0,0,0,0,0,0,0,0,0,0,5,0,6,0,3,0,0,0,2,2,0,0,0,0,0,0,0,0,0,0,0,0,2,0,0,0,0,0,0,0,0,0,0,0,3,0,0,0,0,0,0,0,0,0,0,0,0,0,0
290-1,6,0,0,0,0,0,0,0,0,0,0,0,0,0,0,7,0,31,0,0,0,0,0,0,0,0,0,0,0,14,0,0,0,0,0,0,5,0,0,8,15,25,7,0,0,0,0,7,8,7,7,7,0,0,0,0,0,0,0,0,0,0,0
290-4,12,0,0,0,0,0,0,0,0,2,0,0,0,6,14,0,3,0,29,5,0,4,4,4,6,0,0,0,0,4,0,0,0,0,0,0,3,7,7,14,11,0,6,0,0,0,0,3,5,0,5,0,0,0,0,0,0,2,0,0,0,0,0
290-5,3,0,0,0,0,0,0,0,0,0,0,0,0,7,4,0,0,0,5,18,0,0,0,2,2,0,0,0,0,0,0,0,0,0,0,0,5,9,0,5,11,0,9,0,0,0,0,0,2,0,3,0,0,0,0,0,0,0,0,0,0,0,0
292,0,0,0,0,0,0,0,0,0,0,0,0,0,0,0,0,0,0,0,0,4,4,0,0,0,0,0,0,0,0,0,0,0,0,0,0,0,0,0,0,0,0,0,0,0,0,0,0,0,0,0,0,0,0,0,0,0,0,0,0,0,0,0
293,45,0,0,0,4,0,3,0,0,10,0,0,0,4,2,0,0,0,4,0,4,269,7,7,4,2,0,5,6,41,0,0,0,2,2,0,6,7,0,21,22,4,5,2,9,0,3,12,23,20,5,3,0,0,0,0,0,15,0,0,0,0,0
295,8,0,12,0,0,0,0,0,0,9,0,0,0,7,35,0,2,0,4,0,0,7,92,6,9,0,14,9,9,11,0,0,0,0,0,0,16,9,3,5,8,0,2,0,4,0,0,2,8,8,0,2,0,0,0,0,0,15,0,0,0,0,0
295-3,6,0,0,0,0,0,0,0,0,3,0,0,0,4,13,0,2,0,4,2,0,7,6,26,3,0,0,4,4,6,0,0,0,0,0,0,2,6,2,6,5,0,4,0,2,0,0,0,2,2,0,0,0,0,0,2,0,4,0,0,0,0,0
309,6,0,3,0,0,0,0,0,0,0,0,0,0,2,25,0,0,0,6,2,0,4,9,3,40,0,0,3,0,5,0,0,0,0,0,0,12,3,0,5,9,0,3,0,0,0,0,0,6,3,0,0,0,0,0,0,0,2,0,0,0,0,0
328,3,0,0,0,0,0,0,0,0,0,0,0,0,0,0,0,0,0,0,0,0,2,0,0,0,43,0,2,0,20,0,0,0,0,0,0,0,0,0,0,0,0,4,0,2,0,0,0,2,7,0,0,0,0,0,0,0,0,0,0,0,0,0
333-1,0,0,0,0,0,0,0,0,0,0,0,0,0,2,7,0,0,0,0,0,0,0,14,0,0,0,15,2,0,0,0,0,0,0,0,0,4,3,0,0,2,0,0,0,0,0,0,0,0,0,0,0,0,0,0,0,0,3,0,0,0,0,0
339,9,4,0,0,0,0,2,0,0,15,0,0,0,4,0,0,0,0,0,0,0,5,9,4,3,2,2,175,11,22,0,2,0,0,0,0,0,0,0,4,7,5,5,0,0,0,0,0,18,9,0,15,0,0,0,0,0,5,0,0,0,0,0
341,10,0,5,0,0,0,0,0,0,9,0,0,0,6,6,0,0,0,0,0,0,6,9,4,0,0,0,11,116,19,0,0,0,3,3,3,0,0,0,7,6,0,7,0,0,0,0,5,8,0,0,3,0,0,0,0,0,4,0,0,0,0,0
342,150,3,3,2,3,0,16,9,0,14,4,0,14,9,6,7,0,14,4,0,0,41,11,6,5,20,0,22,19,3788,0,0,2,4,5,4,14,9,3,63,68,29,72,14,80,2,15,64,124,86,22,19,2,0,3,10,0,30,0,0,0,0,2
343,3,0,0,0,0,0,0,0,0,0,0,0,0,0,0,0,0,0,0,0,0,0,0,0,0,0,0,0,0,0,3,0,0,0,0,0,0,0,0,0,0,0,0,0,0,0,0,0,2,2,0,0,0,0,0,0,0,0,0,0,0,0,0
346,0,0,0,0,0,0,0,0,0,0,0,0,0,0,0,0,0,0,0,0,0,0,0,0,0,0,0,2,0,0,0,3,0,0,0,0,0,0,0,0,0,0,0,0,0,0,0,0,0,0,0,0,0,0,0,0,0,0,0,0,0,0,0
349,0,0,0,0,0,0,0,0,0,0,0,0,0,0,0,0,0,0,0,0,0,0,0,0,0,0,0,0,0,2,0,0,2,2,2,0,0,0,0,0,0,0,0,0,0,0,0,0,0,0,0,0,0,0,0,0,0,0,0,0,0,0,0
350,0,0,0,0,0,0,0,0,0,0,0,0,0,0,0,0,0,0,0,0,0,2,0,0,0,0,0,0,3,4,0,0,2,8,4,3,0,0,0,0,0,0,0,0,0,0,0,0,0,0,0,0,0,0,0,0,0,0,0,0,0,0,0
352,14,0,0,2,0,2,16,0,0,0,0,0,0,0,0,0,0,0,0,0,0,2,0,0,0,0,0,0,3,5,0,0,2,4,25,3,2,0,0,0,0,0,0,0,2,2,2,0,0,0,0,0,0,0,2,0,0,0,2,8,0,0,0
354,0,0,0,0,0,0,0,0,0,0,0,0,0,0,0,0,0,0,0,0,0,0,0,0,0,0,0,0,3,4,0,0,0,3,3,5,0,0,0,0,0,0,0,0,0,0,0,0,0,0,0,0,0,0,0,0,0,0,0,0,0,0,0
356,13,0,2,2,0,0,0,0,0,0,0,0,3,0,16,0,2,5,3,5,0,6,16,2,12,0,4,0,0,14,0,0,0,0,2,0,147,5,0,8,32,9,13,0,0,0,2,3,7,0,3,2,0,2,0,0,8,2,0,5,2,0,0
357,47,0,12,0,4,0,0,0,0,0,0,0,3,23,15,0,0,0,7,9,0,7,9,6,3,0,3,0,0,9,0,0,0,0,0,0,5,99,3,52,72,5,22,0,3,0,2,9,11,7,16,0,0,0,0,0,0,3,3,2,0,0,0
359,6,0,0,0,0,0,0,0,0,3,0,0,0,0,4,0,0,0,7,0,0,0,3,2,0,0,0,0,0,3,0,0,0,0,0,0,0,3,11,5,3,0,0,0,3,0,0,0,0,0,0,0,0,0,0,0,0,2,0,0,0,0,0
361,186,0,0,0,5,0,8,0,0,4,0,0,6,14,5,7,0,8,14,5,0,21,5,6,5,0,0,4,7,63,0,0,0,0,0,0,8,52,5,314,109,17,54,0,3,0,8,59,96,49,36,12,0,0,0,6,0,7,3,2,0,0,0
361-1,154,7,5,3,5,0,6,0,0,4,0,0,6,18,16,6,0,15,11,11,0,22,8,5,9,0,2,7,6,68,0,0,0,0,0,0,32,72,3,109,425,27,70,0,3,0,2,49,106,73,45,9,0,0,0,3,0,10,3,4,0,0,0
361-2,24,0,0,0,0,0,3,0,2,0,0,0,3,0,0,7,0,25,0,0,0,4,0,0,0,0,0,5,0,29,0,0,0,0,0,0,9,5,0,17,27,172,26,0,0,0,0,19,28,18,14,10,0,0,0,0,0,0,3,0,0,0,0
361-4,94,2,0,3,0,0,11,0,0,0,0,0,2,12,7,7,0,7,6,9,0,5,2,4,3,4,0,5,7,72,0,0,0,0,0,0,13,22,0,54,70,26,1049,0,5,0,3,54,109,48,34,18,0,0,3,6,5,2,2,2,0,0,0
363,0,0,0,0,0,0,0,0,0,0,0,0,0,0,0,0,0,0,0,0,0,2,0,0,0,0,0,0,0,14,0,0,0,0,0,0,0,0,0,0,0,0,0,49,2,0,0,0,2,0,0,0,0,0,0,0,0,3,0,0,0,0,0
364,19,0,0,0,0,3,5,0,0,7,0,0,0,0,3,0,0,0,0,0,0,9,4,2,0,2,0,0,0,80,0,0,0,0,2,0,0,3,3,3,3,0,5,2,269,8,20,0,28,62,0,3,0,0,8,16,0,11,0,0,0,0,0
365,5,0,0,0,0,3,2,0,0,0,0,0,0,0,0,0,0,0,0,0,0,0,0,0,0,0,0,0,0,2,0,0,0,0,2,0,0,0,0,0,0,0,0,0,8,11,4,0,0,4,0,0,0,0,3,0,0,0,0,0,0,0,0
366,32,0,0,0,0,3,6,0,0,2,0,0,0,0,0,0,0,0,0,0,0,3,0,0,0,0,0,0,0,15,0,0,0,0,2,0,2,2,0,8,2,0,3,0,20,4,66,16,40,40,0,4,0,0,8,7,0,0,0,0,0,0,0
367,126,2,0,0,0,0,16,0,0,0,0,0,0,2,2,8,0,7,3,0,0,12,2,0,0,0,0,0,5,64,0,0,0,0,0,0,3,9,0,59,49,19,54,0,0,0,16,365,200,91,38,31,0,0,0,10,0,0,0,0,0,0,0
368,314,9,0,2,0,0,24,0,0,0,0,0,0,5,9,7,3,8,5,2,0,23,8,2,6,2,0,18,8,124,2,0,0,0,0,0,7,11,0,96,106,28,109,2,28,0,40,200,1312,434,53,59,0,0,7,59,0,10,0,0,2,2,0
369,257,2,0,4,0,0,29,0,0,0,0,0,0,4,3,7,0,7,0,0,0,20,8,2,3,7,0,9,0,86,2,0,0,0,0,0,0,7,0,49,73,18,48,0,62,4,40,91,434,1236,21,41,0,0,9,79,0,7,0,0,0,0,0
369-1,42,4,0,0,0,0,3,0,0,0,0,0,3,6,0,8,0,7,5,3,0,5,0,0,0,0,0,0,0,22,0,0,0,0,0,0,3,16,0,36,45,14,34,0,0,0,0,38,53,21,102,9,0,0,0,0,0,2,3,0,0,0,0
370,27,0,0,0,0,0,6,0,0,0,0,0,0,0,0,7,0,7,0,0,0,3,2,0,0,0,0,15,3,19,0,0,0,0,0,0,2,0,0,12,9,10,18,0,3,0,4,31,59,41,9,245,0,0,0,5,0,3,0,0,0,0,0
371,0,0,0,0,0,0,0,0,0,0,0,0,0,0,0,0,0,0,0,0,0,0,0,0,0,0,0,0,0,2,0,0,0,0,0,0,0,0,0,0,0,0,0,0,0,0,0,0,0,0,0,0,7,0,0,0,0,0,0,0,0,0,0
375,0,0,0,0,0,0,0,0,0,0,0,0,0,0,0,0,0,0,0,0,0,0,0,0,0,0,0,0,0,0,0,0,0,0,0,0,2,0,0,0,0,0,0,0,0,0,0,0,0,0,0,0,0,7,0,0,0,0,0,0,0,0,0
389,6,0,0,0,0,3,3,0,0,0,0,0,0,0,0,0,0,0,0,0,0,0,0,0,0,0,0,0,0,3,0,0,0,0,2,0,0,0,0,0,0,0,3,0,8,3,8,0,7,9,0,0,0,0,14,6,0,0,0,0,0,0,0
391,22,0,0,0,0,0,5,0,0,0,0,0,0,0,0,0,0,0,0,0,0,0,0,2,0,0,0,0,0,10,0,0,0,0,0,0,0,0,0,6,3,0,6,0,16,0,7,10,59,79,0,5,0,0,6,110,0,0,0,0,0,0,0
406,5,0,0,0,0,0,0,0,0,0,0,0,0,0,0,0,0,0,0,0,0,0,0,0,0,0,0,0,0,0,0,0,0,0,0,0,8,0,0,0,0,0,5,0,0,0,0,0,0,0,0,0,0,0,0,0,12,0,0,0,0,0,0
411,15,0,3,0,0,0,0,0,0,4,0,0,0,7,8,0,0,0,2,0,0,15,15,4,2,0,3,5,4,30,0,0,0,0,0,0,2,3,2,7,10,0,2,3,11,0,0,0,10,7,2,3,0,0,0,0,0,84,0,0,0,0,0
424,3,0,0,0,0,0,0,0,0,0,0,0,2,0,0,0,0,0,0,0,0,0,0,0,0,0,0,0,0,0,0,0,0,0,2,0,0,3,0,3,3,3,2,0,0,0,0,0,0,0,3,0,0,0,0,0,0,0,6,0,0,0,0
426,7,0,0,0,0,0,7,0,0,0,0,0,0,0,0,0,0,0,0,0,0,0,0,0,0,0,0,0,0,0,0,0,0,0,8,0,5,2,0,2,4,0,2,0,0,0,0,0,0,0,0,0,0,0,0,0,0,0,0,17,2,0,0
430,3,0,0,0,0,0,0,0,0,0,0,2,0,0,0,0,0,0,0,0,0,0,0,0,0,0,0,0,0,0,0,0,0,0,0,0,2,0,0,0,0,0,0,0,0,0,0,0,2,0,0,0,0,0,0,0,0,0,0,2,9,2,0
431,0,0,0,0,0,0,0,0,0,0,0,0,0,0,0,0,0,0,0,0,0,0,0,0,0,0,0,0,0,0,0,0,0,0,0,0,0,0,0,0,0,0,0,0,0,0,0,0,2,0,0,0,0,0,0,0,0,0,0,0,2,5,0
435,0,0,0,0,0,0,0,0,0,0,0,0,0,0,0,0,0,0,0,0,0,0,0,0,0,0,0,0,0,2,0,0,0,0,0,0,0,0,0,0,0,0,0,0,0,0,0,0,0,0,0,0,0,0,0,0,0,0,0,0,0,0,3
